{"cameraMode":{"drawMode":0,"name":"Shaded","section":"Shading Mode"},"sceneLighting":false,"audioPlay":false,"sceneViewState":{"showFog":true,"showMaterialUpdate":false,"showSkybox":true,"showFlares":true,"showImageEffects":true,"showParticleSystems":true},"in2DMode":false,"pivot":{"x":-672.3878173828125,"y":-956.122802734375,"z":-188.66024780273438},"rotation":{"x":-0.2488345354795456,"y":0.7362323999404907,"z":-0.350488543510437,"w":-0.5227013826370239},"size":1881.676025390625,"orthographic":false}