{"cameraMode":{"drawMode":0,"name":"Shaded","section":"Shading Mode"},"sceneLighting":false,"audioPlay":false,"sceneViewState":{"showFog":true,"showMaterialUpdate":false,"showSkybox":true,"showFlares":true,"showImageEffects":true,"showParticleSystems":true},"in2DMode":false,"pivot":{"x":-450.2333984375,"y":-1471.2138671875,"z":370.97314453125},"rotation":{"x":0.3842798173427582,"y":-0.5895074605941773,"z":0.37562429904937746,"w":0.6030980944633484},"size":2866.648193359375,"orthographic":false}